transaction_id,customer_id,transaction_date,total_amount
1,655,2026-01-29T00:47:17Z,742.23
2,143,2026-01-27T21:47:57Z,1640.65
3,605,2026-04-18T01:01:05Z,663.73
4,518,2026-06-03T00:35:12Z,2150.9
5,719,2026-05-19T13:14:28Z,1771.9
6,829,2026-01-02T05:44:27Z,1027.35
7,160,2026-02-25T10:06:05Z,1145.98
8,368,2026-03-29T19:16:51Z,139.92
9,471,2026-05-17T03:59:24Z,245.61
10,301,2026-06-09T19:56:55Z,1091.29
11,197,2026-06-29T02:02:42Z,691.42
12,297,2026-01-21T07:55:06Z,1146.58
13,465,2026-06-11T11:10:23Z,1072.26
14,687,2026-03-09T22:59:43Z,1947.63
15,624,2026-06-11T05:34:46Z,741.98
16,474,2026-04-07T08:59:40Z,2067.6
17,225,2026-06-24T10:53:49Z,2330.24
18,235,2026-01-09T10:25:17Z,207.9
19,936,2026-05-25T22:20:13Z,1969.76
20,406,2026-06-13T14:09:16Z,427.49
21,763,2026-05-23T17:16:47Z,1757.91
22,920,2026-05-29T12:23:14Z,2992
23,142,2026-05-10T15:05:48Z,150.88
24,113,2026-02-09T20:10:50Z,2044.64
25,611,2026-01-17T12:24:38Z,2988.4
26,542,2026-03-05T17:55:00Z,2044.05
27,118,2026-06-23T17:48:17Z,2308.11
28,349,2026-01-29T09:27:10Z,1366.63
29,977,2026-03-08T16:48:11Z,1527.97
30,109,2026-06-09T09:53:40Z,1527.91
31,204,2026-02-09T11:48:10Z,1622.74
32,798,2026-05-15T00:38:20Z,1470.93
33,115,2026-04-02T09:15:03Z,730.21
34,581,2026-01-21T02:46:31Z,2449.91
35,779,2026-05-16T04:08:42Z,1431.09
36,563,2026-02-12T08:33:55Z,1823.72
37,988,2026-02-24T17:48:46Z,2072.7
38,731,2026-03-20T12:42:41Z,1126.53
39,922,2026-05-12T14:07:15Z,681.85
40,347,2026-01-06T18:35:14Z,1769.44
41,8,2026-01-19T22:40:03Z,694.54
42,928,2026-01-09T10:04:32Z,721.63
43,686,2026-05-04T06:34:08Z,2172.82
44,904,2026-05-26T18:30:15Z,2356.01
45,827,2026-04-14T06:06:06Z,1980.36
46,363,2026-04-18T13:29:55Z,2189.94
47,690,2026-06-16T20:06:03Z,1213.84
48,348,2026-01-28T07:12:12Z,1613.49
49,144,2026-04-18T05:17:29Z,756.92
50,946,2026-01-20T14:51:55Z,2569.34
51,101,2026-01-13T20:34:53Z,54.13
52,96,2026-03-01T05:26:31Z,1449.26
53,886,2026-04-12T01:10:24Z,16.44
54,400,2026-03-08T14:18:27Z,2092.81
55,749,2026-05-22T21:45:31Z,472.84
56,304,2026-02-25T01:37:47Z,1631.16
57,766,2026-03-21T01:03:37Z,1435.6
58,942,2026-05-15T05:03:32Z,249.53
59,191,2026-01-18T19:04:43Z,2586.84
60,414,2026-01-31T18:15:37Z,1787.61
61,635,2026-01-21T13:42:37Z,1700.03
62,324,2026-03-07T06:42:45Z,949.41
63,272,2026-04-11T04:42:41Z,906.99
64,324,2026-01-19T00:29:39Z,2995.38
65,103,2026-01-19T17:13:32Z,802.95
66,956,2026-03-30T02:56:15Z,1114.89
67,162,2026-04-22T17:45:19Z,1838.92
68,827,2026-06-16T16:00:42Z,2453.14
69,307,2026-06-18T03:56:08Z,800.75
70,912,2026-01-28T23:35:09Z,824.32
71,620,2026-02-23T22:21:13Z,2065.62
72,874,2026-03-08T16:31:16Z,2716.96
73,867,2026-01-14T02:40:27Z,2489.75
74,46,2026-01-01T10:49:08Z,1914.97
75,269,2026-02-11T23:28:35Z,2119.95
76,575,2026-01-03T03:04:56Z,2076.15
77,153,2026-05-19T01:53:23Z,1751.7
78,152,2026-04-20T04:02:19Z,1100.31
79,956,2026-01-11T11:13:43Z,756.09
80,106,2026-03-31T17:56:55Z,1225.07
81,636,2026-02-09T07:55:10Z,2928.86
82,831,2026-02-15T13:01:11Z,2212.33
83,341,2026-04-15T21:55:47Z,2434.14
84,274,2026-02-10T22:06:24Z,2617.78
85,880,2026-04-30T07:12:52Z,2756.17
86,359,2026-03-19T07:14:01Z,1983.5
87,409,2026-03-25T08:55:04Z,2901
88,286,2026-03-30T20:32:25Z,2041.76
89,864,2026-05-17T10:01:07Z,2632.34
90,268,2026-02-15T18:16:02Z,334.12
91,445,2026-03-29T23:50:20Z,1314.82
92,524,2026-01-30T12:57:36Z,578.34
93,46,2026-04-21T00:33:59Z,2421.47
94,704,2026-06-20T06:23:27Z,219.22
95,681,2026-03-25T19:20:42Z,2545.57
96,738,2026-03-17T16:19:42Z,1231.09
97,413,2026-06-27T09:35:08Z,583.6
98,681,2026-04-07T21:47:57Z,530.34
99,583,2026-03-18T12:35:53Z,11.21
100,294,2026-02-23T13:50:37Z,1823.92
101,330,2026-04-29T14:28:43Z,648.97
102,485,2026-02-13T21:05:18Z,1551.2
103,649,2026-06-07T10:05:52Z,2856.48
104,241,2026-06-21T09:14:51Z,605.4
105,26,2026-01-12T07:30:39Z,2550.72
106,75,2026-04-26T13:56:40Z,1731.26
107,736,2026-06-27T12:31:25Z,739.51
108,672,2026-06-25T00:57:48Z,2582.72
109,907,2026-01-28T13:14:11Z,2414.29
110,713,2026-05-12T14:03:35Z,755.1
111,869,2026-02-01T14:08:51Z,1399.28
112,544,2026-05-23T19:20:48Z,2675.36
113,628,2026-05-09T13:53:58Z,1648.14
114,919,2026-02-10T23:55:30Z,1355.71
115,770,2026-03-04T20:17:49Z,2335.25
116,497,2026-06-09T07:17:28Z,241.68
117,293,2026-03-01T08:21:20Z,2680.15
118,83,2026-02-05T04:14:24Z,2084.91
119,724,2026-02-24T02:26:26Z,999.34
120,478,2026-04-16T01:13:53Z,1266.23
121,927,2026-05-29T22:01:54Z,2643.16
122,590,2026-04-07T15:00:22Z,902.85
123,400,2026-04-17T17:47:47Z,1642.94
124,618,2026-02-26T15:14:17Z,1313.15
125,30,2026-04-09T10:42:43Z,2396.45
126,742,2026-02-12T14:58:08Z,2942.36
127,547,2026-01-07T12:37:36Z,1992.37
128,86,2026-06-13T13:08:55Z,1390.48
129,52,2026-03-07T12:20:13Z,1369.55
130,346,2026-04-07T08:48:53Z,1270.48
131,855,2026-01-21T15:01:47Z,1622.86
132,975,2026-03-30T07:41:04Z,2345.89
133,668,2026-01-11T00:15:12Z,2519.29
134,637,2026-02-09T07:08:30Z,2011.68
135,578,2026-02-25T14:44:16Z,2303.03
136,172,2026-06-04T19:47:45Z,352.45
137,839,2026-02-11T09:06:37Z,86.78
138,320,2026-05-27T21:58:24Z,1196
139,733,2026-02-20T02:37:44Z,2493.41
140,249,2026-01-27T22:49:19Z,2552.38
141,615,2026-01-31T18:50:02Z,1048.14
142,439,2026-06-18T11:04:32Z,1946.15
143,13,2026-04-17T15:06:27Z,2882.75
144,651,2026-04-27T22:09:27Z,536.65
145,535,2026-06-15T08:39:51Z,2759.66
146,794,2026-05-03T14:27:52Z,2195.77
147,275,2026-03-23T07:53:59Z,269.12
148,903,2026-04-25T07:48:29Z,1713.85
149,685,2026-04-07T10:01:31Z,2554.35
150,187,2026-05-04T06:22:51Z,782.47
151,287,2026-06-01T22:56:17Z,1671.82
152,530,2026-02-18T02:15:46Z,1225.22
153,569,2026-03-02T22:30:41Z,2138.41
154,459,2026-01-05T02:18:14Z,1219.16
155,250,2026-03-19T21:37:23Z,1425.05
156,544,2026-03-29T13:47:35Z,999.07
157,720,2026-04-26T08:19:16Z,699.31
158,739,2026-02-19T10:07:47Z,1612.23
159,781,2026-06-25T05:12:13Z,2218.43
160,284,2026-05-30T16:38:18Z,2941.73
161,853,2026-02-19T09:14:23Z,546.53
162,15,2026-05-16T04:17:02Z,2923.14
163,567,2026-03-15T22:08:40Z,2606.7
164,503,2026-01-27T00:36:18Z,1413.5
165,452,2026-03-28T05:03:16Z,2823.78
166,490,2026-01-30T02:25:31Z,231.51
167,645,2026-06-24T01:09:09Z,2435.31
168,972,2026-03-18T02:15:07Z,1678.64
169,427,2026-06-04T19:50:39Z,684.8
170,536,2026-04-07T14:58:28Z,899.09
171,603,2026-04-19T09:36:39Z,190.09
172,984,2026-01-26T06:40:13Z,801.29
173,84,2026-02-10T07:11:35Z,234.44
174,3,2026-04-14T14:44:38Z,1415.04
175,34,2026-02-29T09:45:18Z,2111.93
176,465,2026-01-19T21:14:59Z,801.02
177,811,2026-06-09T18:42:51Z,2801.67
178,436,2026-01-30T17:14:41Z,455.48
179,273,2026-02-06T02:03:10Z,2379.96
180,610,2026-05-25T09:28:07Z,1411.41
181,312,2026-06-28T12:17:32Z,1624.54
182,449,2026-01-21T19:02:56Z,1301.77
183,331,2026-06-03T08:01:05Z,694.48
184,691,2026-05-27T18:01:48Z,2020.12
185,276,2026-05-27T01:48:48Z,533.82
186,532,2026-06-15T14:58:17Z,552.65
187,600,2026-04-21T20:52:31Z,2907.48
188,482,2026-03-30T13:21:20Z,2013.7
189,879,2026-02-11T10:26:44Z,1491.45
190,679,2026-04-12T17:02:29Z,273.3
191,259,2026-03-23T03:49:25Z,2596.08
192,845,2026-01-01T21:55:34Z,1391.31
193,56,2026-02-18T16:23:39Z,2271.77
194,641,2026-04-23T01:13:17Z,1652.17
195,950,2026-03-14T14:56:44Z,1459.29
196,30,2026-06-10T19:51:15Z,2132.25
197,319,2026-05-21T00:35:26Z,288.7
198,862,2026-01-30T14:07:41Z,2498.11
199,511,2026-03-15T16:45:17Z,1252.32
200,495,2026-04-30T07:29:35Z,442.48
201,196,2026-06-02T16:47:56Z,418.16
202,72,2026-03-11T13:21:59Z,2365.28
203,274,2026-01-01T09:46:19Z,2514.05
204,594,2026-06-17T15:55:09Z,1345.18
205,496,2026-03-29T10:35:48Z,1634.86
206,467,2026-03-23T06:44:15Z,1719.67
207,240,2026-04-15T01:20:47Z,1424.2
208,936,2026-04-07T12:42:50Z,2464.04
209,156,2026-05-06T01:08:32Z,2896.41
210,340,2026-01-26T14:06:33Z,2732.22
211,16,2026-02-06T13:55:41Z,2910.17
212,77,2026-04-30T08:21:39Z,2081.19
213,666,2026-01-21T10:54:43Z,2579.43
214,390,2026-03-22T20:45:56Z,2280.61
215,894,2026-05-18T01:39:04Z,711.96
216,701,2026-03-14T07:47:05Z,1307.57
217,101,2026-06-11T22:55:06Z,1336.6
218,711,2026-03-17T00:02:20Z,2390.47
219,301,2026-04-01T11:27:09Z,740.15
220,422,2026-05-24T21:50:11Z,518.25
221,81,2026-06-05T12:39:43Z,730.08
222,935,2026-05-29T04:14:29Z,1917.33
223,471,2026-03-06T21:00:57Z,2415.85
224,923,2026-03-14T21:34:10Z,230.85
225,968,2026-03-29T18:19:40Z,2886.47
226,707,2026-03-05T14:54:19Z,605.66
227,394,2026-05-03T03:15:24Z,1720.05
228,589,2026-03-16T22:18:01Z,2934.05
229,675,2026-04-11T08:00:36Z,2596.55
230,797,2026-01-13T19:47:31Z,2500.19
231,925,2026-03-14T07:38:51Z,1063.44
232,652,2026-02-18T19:16:43Z,2269.18
233,786,2026-06-17T21:53:08Z,1888.46
234,926,2026-06-09T20:02:19Z,2367.95
235,35,2026-05-28T11:46:08Z,279.5
236,303,2026-03-24T23:26:11Z,610.38
237,806,2026-05-18T11:33:32Z,2741.33
238,851,2026-02-12T08:58:52Z,2833.12
239,991,2026-03-16T23:55:21Z,2414.66
240,480,2026-01-20T04:48:14Z,2581.82
241,742,2026-06-21T12:54:51Z,1676.36
242,93,2026-04-11T00:16:34Z,379.53
243,378,2026-06-21T23:43:16Z,1757.83
244,843,2026-06-12T11:06:43Z,709.13
245,26,2026-06-07T17:20:58Z,1834.15
246,664,2026-01-17T20:52:29Z,2729.07
247,310,2026-06-15T13:07:08Z,145.59
248,39,2026-03-18T15:07:06Z,712.05
249,551,2026-02-04T12:29:23Z,2014.75
250,761,2026-06-27T17:26:37Z,2229.38
251,159,2026-04-16T20:06:53Z,1473.15
252,418,2026-03-12T01:44:23Z,659.64
253,456,2026-03-01T11:06:43Z,1108.33
254,924,2026-06-14T11:03:25Z,834.89
255,992,2026-02-01T14:05:42Z,644.2
256,655,2026-06-01T00:03:50Z,1007.19
257,129,2026-05-24T06:04:53Z,2297.82
258,213,2026-05-30T06:52:55Z,706.67
259,793,2026-02-07T19:00:17Z,2576.63
260,149,2026-02-03T17:16:51Z,531.75
261,677,2026-01-07T04:00:22Z,2372.05
262,244,2026-05-30T10:01:11Z,803.45
263,130,2026-04-17T16:07:47Z,200.04
264,460,2026-04-02T16:37:06Z,1361.5
265,227,2026-06-06T01:46:50Z,2727.17
266,675,2026-05-13T09:29:41Z,2892.44
267,63,2026-05-02T12:27:43Z,332.81
268,730,2026-04-23T02:57:05Z,973.11
269,152,2026-01-17T04:17:39Z,1902.9
270,562,2026-03-24T12:38:33Z,891.74
271,518,2026-06-03T13:06:50Z,2108.32
272,874,2026-06-16T20:56:49Z,1658.49
273,887,2026-02-25T13:28:56Z,693.2
274,348,2026-04-26T12:26:46Z,294.31
275,438,2026-03-21T21:16:23Z,2861.24
276,704,2026-05-01T02:05:53Z,265.24
277,443,2026-01-25T23:47:23Z,2437.19
278,570,2026-01-16T18:35:35Z,995.64
279,126,2026-04-15T11:55:42Z,2823.98
280,434,2026-01-14T09:38:19Z,1061.42
281,592,2026-05-09T06:09:42Z,1451.75
282,868,2026-01-28T11:54:35Z,1109.01
283,781,2026-03-12T18:14:51Z,1293.05
284,575,2026-06-08T19:43:41Z,1674.65
285,624,2026-06-17T22:17:01Z,549.44
286,720,2026-03-20T10:22:00Z,552.4
287,147,2026-05-24T21:25:04Z,434.21
288,649,2026-01-08T02:47:33Z,653.25
289,430,2026-04-26T10:10:23Z,941.8
290,333,2026-05-25T19:05:56Z,167.3
291,162,2026-06-07T01:43:05Z,823.59
292,678,2026-04-18T15:38:28Z,1248.41
293,221,2026-05-11T03:22:27Z,341.56
294,695,2026-06-22T18:31:33Z,2004.73
295,47,2026-02-26T12:38:03Z,32.98
296,309,2026-02-24T04:48:16Z,875.45
297,123,2026-01-02T15:47:27Z,535.33
298,390,2026-05-16T22:14:32Z,1680.58
299,685,2026-03-31T02:25:55Z,2228.7
300,447,2026-01-05T14:58:04Z,2587.71
301,590,2026-04-19T18:25:45Z,1924.02
302,297,2026-01-30T12:01:20Z,523.9
303,971,2026-06-07T14:53:44Z,2760.11
304,91,2026-04-21T03:15:27Z,1770.73
305,537,2026-01-21T12:55:19Z,2239.96
306,227,2026-03-26T05:04:32Z,1903.34
307,544,2026-05-10T06:57:49Z,1054.63
308,745,2026-06-14T04:15:06Z,447.87
309,203,2026-02-14T19:09:48Z,2279.87
310,78,2026-02-15T20:31:29Z,2265.79
311,779,2026-05-28T14:43:59Z,2647.32
312,659,2026-06-11T19:20:55Z,2913.21
313,324,2026-02-08T14:04:30Z,1332.2
314,311,2026-03-11T18:03:22Z,1526.94
315,318,2026-04-28T14:02:03Z,1112.53
316,294,2026-01-20T20:55:54Z,279.99
317,609,2026-05-09T12:29:37Z,1667.41
318,811,2026-01-11T14:58:51Z,1719.25
319,193,2026-03-23T19:30:32Z,461.07
320,64,2026-04-25T03:51:57Z,2513.76
321,732,2026-01-22T16:41:11Z,127.03
322,725,2026-04-22T14:33:33Z,1833.32
323,373,2026-04-05T09:24:26Z,2325.65
324,696,2026-06-02T01:50:40Z,1945.44
325,68,2026-03-25T03:35:43Z,1165.83
326,259,2026-06-17T19:55:09Z,1006.75
327,597,2026-06-18T04:58:22Z,937.59
328,672,2026-06-27T21:25:08Z,1789.17
329,961,2026-01-22T09:35:24Z,1934.04
330,337,2026-02-02T21:44:53Z,2841.85
331,702,2026-05-14T02:41:42Z,1275.99
332,371,2026-01-05T11:19:11Z,2854
333,350,2026-05-04T06:14:08Z,473.29
334,303,2026-01-26T16:49:34Z,2507.01
335,905,2026-05-14T01:42:21Z,2630.41
336,633,2026-02-03T19:24:09Z,495.12
337,852,2026-06-26T19:51:57Z,504.96
338,449,2026-01-12T13:23:43Z,2161.56
339,993,2026-04-23T19:18:48Z,2248.12
340,460,2026-02-29T17:15:19Z,2897.13
341,804,2026-04-30T06:23:43Z,2841.92
342,452,2026-04-28T09:49:24Z,1513.69
343,429,2026-02-11T06:51:38Z,423.81
344,257,2026-01-14T20:30:55Z,1119.92
345,957,2026-01-27T22:54:33Z,2554.99
346,292,2026-01-22T05:17:28Z,2716.87
347,151,2026-04-21T02:58:14Z,2451.94
348,906,2026-03-30T00:26:03Z,1195.4
349,383,2026-03-01T12:05:23Z,681.37
350,327,2026-01-26T22:41:21Z,2376.23
351,141,2026-01-10T09:58:53Z,1422.64
352,852,2026-02-05T22:30:28Z,1849.89
353,928,2026-01-21T00:16:13Z,2506.54
354,562,2026-06-04T16:27:07Z,2330.76
355,244,2026-03-18T03:03:15Z,1265.28
356,813,2026-06-08T14:04:07Z,2511.7
357,512,2026-06-01T17:01:40Z,1550.97
358,248,2026-02-06T09:27:00Z,1848.28
359,247,2026-05-26T13:11:42Z,2007.96
360,537,2026-04-02T02:33:34Z,1526.91
361,520,2026-05-21T00:24:55Z,1415.7
362,651,2026-04-09T11:16:47Z,58.56
363,808,2026-01-18T11:15:46Z,1974.74
364,107,2026-05-28T23:48:21Z,408.89
365,361,2026-05-19T10:52:41Z,533.52
366,798,2026-06-24T14:44:30Z,1898.89
367,831,2026-02-04T02:45:49Z,2831.38
368,38,2026-03-16T06:02:50Z,606.41
369,43,2026-03-21T09:32:25Z,2967.48
370,557,2026-05-01T08:02:48Z,1944.23
371,293,2026-04-01T01:55:41Z,1002.45
372,128,2026-04-04T13:56:25Z,2232.49
373,917,2026-04-08T10:11:31Z,2079.28
374,377,2026-05-12T08:51:05Z,2183.97
375,81,2026-04-20T19:52:11Z,1640.97
376,329,2026-01-27T02:20:42Z,893.96
377,457,2026-06-03T22:27:10Z,2072.4
378,360,2026-04-24T01:46:55Z,2735.71
379,630,2026-04-21T08:40:50Z,2844.23
380,77,2026-06-20T20:25:23Z,1544.13
381,768,2026-06-22T05:01:09Z,2547.52
382,695,2026-04-22T01:08:04Z,715.63
383,661,2026-04-03T11:24:36Z,106.83
384,158,2026-06-22T14:23:23Z,1337.38
385,79,2026-05-26T04:33:23Z,1200.12
386,666,2026-03-12T07:07:01Z,2209.67
387,512,2026-05-12T12:58:35Z,362.11
388,794,2026-03-07T22:28:13Z,2989.13
389,293,2026-06-26T15:12:07Z,415.83
390,76,2026-04-25T05:57:45Z,1340.88
391,90,2026-06-23T10:42:22Z,2131.53
392,564,2026-05-18T09:57:19Z,2555.57
393,729,2026-06-28T20:11:50Z,1090.86
394,230,2026-02-01T06:50:08Z,717.84
395,506,2026-01-07T11:35:36Z,1113.04
396,823,2026-05-21T04:39:56Z,267.78
397,317,2026-04-11T22:46:30Z,1581.83
398,788,2026-04-14T18:04:08Z,2917.42
399,658,2026-01-19T14:29:43Z,1556.91
400,132,2026-05-21T20:37:11Z,2305.67
401,133,2026-04-20T16:58:55Z,175.68
402,128,2026-05-12T04:19:10Z,494.28
403,958,2026-02-27T11:33:57Z,859.3
404,81,2026-03-05T06:40:35Z,830.61
405,641,2026-03-18T19:34:05Z,1512.69
406,173,2026-05-31T18:09:10Z,1979.61
407,738,2026-06-03T10:53:59Z,1695.22
408,846,2026-01-08T02:02:41Z,2315.36
409,272,2026-06-15T06:49:36Z,1255.59
410,655,2026-01-08T15:56:40Z,1641.28
411,658,2026-03-18T15:15:51Z,2423.97
412,416,2026-03-17T14:04:44Z,189.14
413,451,2026-04-16T15:29:13Z,1027.18
414,148,2026-03-21T22:20:46Z,2964.19
415,354,2026-04-12T04:48:23Z,1549.79
416,109,2026-03-22T07:29:07Z,809.74
417,254,2026-02-06T03:03:18Z,2836.7
418,885,2026-06-06T13:15:55Z,2707.91
419,834,2026-03-24T18:46:20Z,577.6
420,164,2026-05-07T16:29:31Z,2638.44
421,510,2026-01-06T02:25:32Z,1377.12
422,247,2026-02-25T18:22:03Z,161.12
423,507,2026-06-01T20:43:30Z,864.39
424,9,2026-01-28T13:08:56Z,800.77
425,375,2026-04-13T11:02:25Z,162.96
426,576,2026-02-19T11:35:18Z,229.86
427,517,2026-04-25T17:17:52Z,2967.38
428,697,2026-06-05T03:08:06Z,1187.77
429,814,2026-03-27T17:23:48Z,441.36
430,617,2026-05-10T12:32:02Z,145.46
431,141,2026-03-26T15:33:29Z,455.33
432,915,2026-05-11T04:20:59Z,1843.07
433,167,2026-04-10T19:47:53Z,904.71
434,345,2026-05-09T16:34:31Z,2129.13
435,307,2026-05-01T00:23:21Z,2026.68
436,427,2026-05-29T09:50:57Z,2178.72
437,705,2026-06-10T00:38:30Z,803.94
438,672,2026-05-28T18:14:46Z,163.55
439,492,2026-02-13T16:40:46Z,1863.01
440,862,2026-04-07T04:52:43Z,734.17
441,587,2026-06-28T03:12:01Z,1328.71
442,429,2026-02-08T13:44:13Z,1237.03
443,794,2026-06-05T15:55:54Z,2210.15
444,64,2026-06-29T04:33:13Z,1687.05
445,679,2026-05-02T16:24:20Z,2870.49
446,471,2026-05-16T10:34:22Z,2030.85
447,889,2026-06-23T20:51:44Z,800.44
448,496,2026-02-19T07:17:35Z,902.51
449,965,2026-03-17T09:45:13Z,2073.82
450,501,2026-03-22T15:22:35Z,2801.76
451,815,2026-03-11T09:07:36Z,2033.1
452,389,2026-04-11T11:49:51Z,447.96
453,44,2026-03-14T22:05:22Z,2772.79
454,672,2026-03-06T23:30:13Z,614.18
455,552,2026-03-10T17:44:17Z,420.45
456,631,2026-05-30T07:15:03Z,2012.8
457,544,2026-02-27T20:14:03Z,309.59
458,339,2026-04-30T03:43:49Z,421.03
459,988,2026-05-20T05:26:41Z,2805.75
460,900,2026-05-01T15:41:12Z,2270.17
461,295,2026-03-23T09:41:03Z,2724.73
462,92,2026-06-15T18:14:34Z,2218.67
463,871,2026-01-10T05:26:56Z,2514.44
464,957,2026-01-10T12:50:31Z,567.07
465,767,2026-03-15T01:00:19Z,1708.21
466,110,2026-03-26T09:29:41Z,1634.47
467,506,2026-02-04T16:29:17Z,586.51
468,116,2026-03-25T05:46:29Z,1948.37
469,736,2026-02-17T00:47:21Z,2374.4
470,582,2026-06-21T06:11:39Z,2569.88
471,919,2026-04-13T13:32:20Z,269.35
472,686,2026-01-25T05:08:30Z,977.57
473,255,2026-01-02T08:24:15Z,1345.74
474,274,2026-03-25T09:37:46Z,1722.9
475,268,2026-06-16T11:44:15Z,195.75
476,122,2026-04-29T09:10:25Z,2061.36
477,946,2026-06-29T09:44:07Z,1919.75
478,964,2026-03-16T11:39:14Z,665.19
479,137,2026-05-02T04:29:47Z,2966.63
480,383,2026-04-16T22:35:58Z,1417.78
481,551,2026-06-19T06:48:15Z,2044.22
482,611,2026-01-21T16:28:33Z,2114.26
483,80,2026-05-24T03:03:53Z,1647.47
484,518,2026-02-21T18:34:09Z,501.97
485,875,2026-05-13T14:07:43Z,624.15
486,598,2026-05-05T02:57:32Z,1341.99
487,57,2026-04-26T04:32:26Z,1375.83
488,60,2026-05-23T14:43:51Z,931.43
489,23,2026-04-11T08:52:00Z,2239.96
490,593,2026-01-19T01:27:22Z,2104.15
491,555,2026-01-16T02:59:30Z,104.89
492,419,2026-02-16T04:49:41Z,2935.22
493,662,2026-04-17T11:57:24Z,1351.13
494,940,2026-04-06T12:05:43Z,2892.79
495,896,2026-05-18T04:41:55Z,1049.83
496,183,2026-05-17T12:33:08Z,2186.3
497,229,2026-01-01T00:19:29Z,2023.76
498,558,2026-04-18T17:24:52Z,696.7
499,472,2026-03-29T04:17:12Z,2812.86
500,743,2026-01-29T01:51:42Z,1263.53
501,785,2026-01-05T07:13:04Z,311.68
502,35,2026-04-24T19:43:45Z,2617.92
503,251,2026-01-12T12:28:14Z,1623.88
504,773,2026-01-15T04:32:18Z,710.14
505,939,2026-05-27T10:36:38Z,2319.89
506,839,2026-03-23T07:19:56Z,438.35
507,677,2026-05-13T07:26:19Z,832.71
508,571,2026-05-31T23:58:11Z,1881.72
509,438,2026-05-22T15:03:22Z,2825.34
510,688,2026-04-07T16:20:44Z,1254.81
511,153,2026-03-17T12:11:48Z,1618.41
512,247,2026-02-27T09:54:45Z,441.61
513,475,2026-01-15T17:26:26Z,1676.29
514,138,2026-04-09T07:16:13Z,997.49
515,81,2026-04-25T11:05:34Z,2176.51
516,196,2026-01-14T08:24:43Z,1818.86
517,41,2026-01-19T06:51:48Z,1766.88
518,688,2026-05-23T06:30:13Z,2609.73
519,341,2026-03-18T00:13:59Z,578.17
520,760,2026-01-31T23:48:30Z,2744.18
521,713,2026-06-03T22:13:25Z,2746.23
522,566,2026-03-23T09:24:29Z,1605.61
523,368,2026-03-19T08:23:32Z,2649.61
524,478,2026-01-26T23:30:48Z,2520.8
525,937,2026-02-22T11:20:26Z,146.69
526,885,2026-02-26T23:09:01Z,789.71
527,958,2026-05-29T18:46:26Z,892.62
528,201,2026-03-25T07:24:36Z,2501.75
529,512,2026-05-20T20:43:21Z,779.41
530,842,2026-05-05T23:41:47Z,1476.88
531,173,2026-03-31T05:08:46Z,1644.17
532,189,2026-05-18T20:03:33Z,111.13
533,868,2026-01-20T21:03:48Z,29.09
534,141,2026-06-10T07:04:45Z,461.58
535,224,2026-05-09T14:23:03Z,1857.33
536,683,2026-06-06T15:42:31Z,57.04
537,545,2026-05-21T13:00:01Z,1592.96
538,282,2026-05-17T09:01:32Z,2441.34
539,691,2026-04-20T05:06:58Z,297.98
540,153,2026-03-02T06:39:33Z,764.73
541,363,2026-03-09T12:05:23Z,2878.3
542,471,2026-05-24T07:44:14Z,906.92
543,848,2026-01-21T20:54:41Z,2281.16
544,96,2026-04-13T12:24:35Z,1433.26
545,653,2026-01-03T22:10:05Z,1504.58
546,445,2026-06-14T10:36:54Z,2921.78
547,917,2026-05-15T01:14:13Z,2704.81
548,709,2026-05-25T15:17:02Z,2773.24
549,701,2026-03-12T17:36:42Z,108.38
550,952,2026-03-21T00:13:37Z,441.13
551,841,2026-04-11T02:19:10Z,1696.24
552,581,2026-04-09T21:57:34Z,1001.87
553,774,2026-02-05T22:46:05Z,1507.37
554,998,2026-03-29T01:06:27Z,704.11
555,78,2026-03-28T19:49:39Z,2865.03
556,407,2026-03-24T00:40:17Z,2352.81
557,462,2026-05-05T07:22:35Z,2824.02
558,443,2026-02-17T21:37:42Z,1146.42
559,791,2026-06-07T09:51:15Z,2142.19
560,85,2026-03-09T04:24:45Z,2353.83
561,158,2026-04-09T10:23:06Z,283.65
562,966,2026-03-19T14:23:48Z,816.6
563,136,2026-01-23T05:27:28Z,1675.39
564,525,2026-04-14T03:01:05Z,1068.2
565,96,2026-06-01T19:50:20Z,2592.52
566,13,2026-03-15T13:24:49Z,263.25
567,923,2026-05-23T07:36:33Z,517.05
568,390,2026-02-13T04:17:19Z,812.54
569,150,2026-01-17T05:27:17Z,1269.1
570,496,2026-01-20T11:16:15Z,2165.49
571,508,2026-06-01T19:12:29Z,329.85
572,312,2026-01-02T12:21:53Z,1864.37
573,824,2026-03-25T14:21:27Z,2448.27
574,881,2026-06-15T19:08:19Z,968.79
575,971,2026-06-26T06:30:20Z,541.14
576,408,2026-03-22T09:47:44Z,1902.38
577,991,2026-05-27T07:20:24Z,848.1
578,805,2026-04-10T11:07:59Z,1695.91
579,607,2026-05-19T05:43:49Z,1654.8
580,976,2026-04-28T22:13:28Z,2395.08
581,852,2026-06-26T02:52:54Z,2389.01
582,419,2026-06-21T15:08:40Z,915.47
583,259,2026-06-17T04:45:27Z,2369.34
584,76,2026-04-24T19:30:37Z,1208.41
585,519,2026-06-26T13:34:02Z,2374.26
586,369,2026-06-28T17:38:40Z,2744.06
587,112,2026-03-04T21:42:22Z,507.35
588,628,2026-01-12T18:41:43Z,1943.76
589,991,2026-03-25T13:06:00Z,304.83
590,228,2026-05-10T23:33:35Z,1745.75
591,590,2026-02-26T14:23:25Z,1394.56
592,696,2026-05-30T22:32:09Z,1041.45
593,26,2026-05-03T03:18:26Z,2762.44
594,88,2026-01-30T23:09:22Z,942.55
595,467,2026-02-22T16:30:22Z,1433.73
596,449,2026-06-27T14:20:04Z,907.79
597,830,2026-01-30T00:54:21Z,1947.43
598,694,2026-02-12T23:15:33Z,531.62
599,164,2026-03-25T17:27:29Z,703.25
600,415,2026-06-10T05:11:40Z,1975.35
601,406,2026-01-08T23:39:56Z,600
602,607,2026-04-19T12:00:45Z,652.24
603,286,2026-06-29T02:36:06Z,2400.51
604,550,2026-02-17T11:20:12Z,1378.08
605,269,2026-06-20T15:33:40Z,947.08
606,398,2026-06-05T12:37:07Z,1050.29
607,866,2026-04-27T19:11:52Z,2026.03
608,820,2026-03-17T19:37:05Z,2019.61
609,321,2026-01-31T07:19:07Z,557.3
610,711,2026-02-06T16:24:26Z,1793.31
611,589,2026-04-08T13:11:31Z,1910.15
612,711,2026-06-14T05:35:10Z,1474.03
613,144,2026-02-17T10:53:28Z,1862.04
614,887,2026-04-01T00:31:08Z,593.43
615,394,2026-05-23T16:41:31Z,1233.31
616,504,2026-04-16T22:53:28Z,1471.21
617,85,2026-05-24T00:50:48Z,669.38
618,34,2026-03-11T07:34:18Z,512.94
619,469,2026-05-24T23:49:49Z,1490.99
620,524,2026-01-29T18:07:17Z,2327.59
621,844,2026-04-03T17:52:48Z,134.42
622,737,2026-04-22T17:13:27Z,316.23
623,850,2026-06-16T07:19:55Z,2997.94
624,461,2026-03-08T11:55:52Z,270.08
625,887,2026-01-31T07:13:51Z,2215.46
626,706,2026-03-30T22:39:40Z,1290.22
627,631,2026-02-05T06:52:13Z,2418.27
628,584,2026-03-30T17:17:38Z,1620.92
629,332,2026-06-29T09:18:36Z,809.36
630,879,2026-05-11T21:52:06Z,415.41
631,769,2026-04-15T01:17:55Z,1971.13
632,719,2026-02-03T07:09:45Z,973.07
633,254,2026-06-22T12:31:09Z,1736.5
634,276,2026-06-09T13:24:28Z,235.79
635,814,2026-01-24T12:32:47Z,841.89
636,959,2026-04-04T14:31:20Z,1750.05
637,890,2026-01-24T23:29:40Z,1995.79
638,367,2026-01-17T17:25:13Z,2904.7
639,845,2026-02-24T15:17:20Z,2486.75
640,346,2026-05-20T18:08:36Z,2558.74
641,808,2026-03-28T21:48:03Z,147.37
642,642,2026-04-27T00:07:59Z,2574.38
643,452,2026-04-26T00:27:12Z,2987.13
644,932,2026-02-03T20:19:10Z,2624.53
645,898,2026-03-11T02:41:23Z,758.66
646,381,2026-06-19T20:10:03Z,1195.06
647,313,2026-06-28T07:27:41Z,282.69
648,98,2026-01-01T06:30:04Z,406.77
649,232,2026-05-12T21:28:00Z,34.11
650,352,2026-01-31T13:44:08Z,1438.32
651,235,2026-04-08T02:46:51Z,316.26
652,321,2026-04-04T09:08:24Z,2322.65
653,772,2026-02-04T20:43:09Z,214.55
654,577,2026-01-03T19:41:10Z,1325.9
655,740,2026-02-24T20:47:09Z,2760.48
656,631,2026-06-24T14:55:13Z,269.2
657,103,2026-02-05T03:37:46Z,1158.26
658,987,2026-04-19T10:50:08Z,750.88
659,661,2026-01-22T07:35:38Z,1804.02
660,623,2026-03-13T22:01:54Z,2542.74
661,897,2026-03-18T06:33:38Z,1533.47
662,766,2026-04-10T09:41:03Z,2353.57
663,813,2026-03-02T15:24:07Z,730.83
664,654,2026-06-01T02:33:56Z,2933.31
665,370,2026-03-22T04:24:55Z,2518.53
666,431,2026-04-03T17:43:11Z,2290.55
667,978,2026-01-19T00:37:04Z,51.24
668,221,2026-01-11T01:50:25Z,1524.77
669,644,2026-05-08T13:27:44Z,1212.81
670,656,2026-05-17T17:39:09Z,839.63
671,318,2026-01-21T16:58:13Z,2923.2
672,160,2026-05-17T10:25:37Z,1906.54
673,855,2026-06-15T21:41:04Z,937.41
674,448,2026-03-02T01:15:05Z,2774.64
675,119,2026-04-26T19:38:03Z,934.78
676,760,2026-06-17T23:11:07Z,47.87
677,141,2026-06-28T00:10:31Z,2859.52
678,536,2026-05-12T23:16:10Z,1121.89
679,768,2026-03-09T23:56:07Z,2316.58
680,31,2026-03-26T13:17:33Z,200.98
681,730,2026-05-27T20:04:31Z,1371.04
682,369,2026-01-15T15:54:36Z,508.98
683,162,2026-03-06T03:57:36Z,2025.62
684,119,2026-02-28T23:32:00Z,141.67
685,884,2026-01-04T07:02:30Z,1098.29
686,943,2026-02-08T05:59:54Z,115.74
687,823,2026-06-16T13:14:20Z,752.31
688,938,2026-03-22T08:52:04Z,1718.89
689,123,2026-05-08T21:57:03Z,546.24
690,824,2026-05-12T01:25:04Z,2632.2
691,887,2026-03-13T09:20:05Z,1663.74
692,9,2026-04-04T06:18:36Z,2355.68
693,758,2026-06-08T07:29:23Z,1779.16
694,506,2026-02-20T23:57:34Z,2283.84
695,252,2026-02-08T00:59:26Z,81.49
696,555,2026-03-29T20:53:44Z,2632.82
697,974,2026-03-26T00:48:42Z,1135.06
698,756,2026-03-19T03:13:33Z,2949.52
699,430,2026-05-05T01:09:45Z,846.68
700,45,2026-02-29T16:26:44Z,2687.78
701,470,2026-01-22T18:06:32Z,409.21
702,840,2026-04-10T02:37:36Z,196.23
703,679,2026-02-03T07:18:16Z,2554.23
704,949,2026-04-10T22:53:47Z,985.49
705,464,2026-03-10T07:04:12Z,416.97
706,789,2026-05-29T03:09:06Z,501.48
707,478,2026-03-21T13:07:34Z,1081.28
708,789,2026-02-23T14:19:29Z,802.37
709,123,2026-01-24T05:51:43Z,919.6
710,722,2026-06-27T19:02:13Z,2509.42
711,336,2026-02-07T02:45:15Z,2905.52
712,406,2026-05-11T01:43:19Z,787.9
713,179,2026-01-08T12:54:28Z,1672.3
714,564,2026-03-04T03:29:06Z,2413.65
715,144,2026-02-01T00:03:53Z,2345.07
716,228,2026-02-03T06:52:25Z,1123
717,646,2026-06-14T02:37:37Z,783.87
718,833,2026-01-20T00:04:12Z,2708.46
719,455,2026-02-02T02:57:54Z,2489.77
720,340,2026-02-01T01:29:03Z,512.29
721,588,2026-04-20T23:25:31Z,98.15
722,700,2026-04-19T05:22:13Z,2725.83
723,282,2026-03-12T14:56:09Z,113.6
724,635,2026-06-06T07:41:18Z,1501.69
725,904,2026-05-20T15:03:05Z,846.53
726,141,2026-04-17T06:41:56Z,2393.62
727,256,2026-06-10T17:50:01Z,2968.32
728,801,2026-04-01T15:34:50Z,1459.19
729,935,2026-05-24T16:20:24Z,818.6
730,27,2026-03-22T19:14:01Z,2688.34
731,798,2026-03-12T01:51:30Z,1593
732,786,2026-05-29T07:10:06Z,751.09
733,247,2026-03-09T17:52:50Z,2752.61
734,58,2026-02-26T18:54:51Z,1171.38
735,958,2026-02-14T05:15:37Z,960.83
736,756,2026-06-27T11:58:37Z,94.34
737,718,2026-03-31T18:36:09Z,1693.7
738,193,2026-05-06T17:19:11Z,1476.4
739,93,2026-01-15T07:38:14Z,69.58
740,490,2026-01-01T10:58:39Z,612.38
741,134,2026-03-28T22:11:58Z,2409.25
742,890,2026-03-23T01:01:09Z,1763.96
743,940,2026-02-06T03:54:33Z,2583.4
744,984,2026-01-19T11:45:42Z,1192.83
745,104,2026-03-27T09:20:08Z,2927.82
746,750,2026-04-21T20:31:41Z,958.68
747,725,2026-05-23T22:56:59Z,1844.99
748,366,2026-02-27T21:37:52Z,534.3
749,315,2026-06-25T09:08:11Z,2189.2
750,972,2026-06-28T18:25:54Z,2982.91
751,989,2026-05-25T01:11:38Z,961.47
752,829,2026-06-05T07:40:36Z,321.29
753,509,2026-02-06T10:47:04Z,721.61
754,328,2026-02-12T20:56:05Z,2466.77
755,687,2026-06-12T23:56:21Z,1345.42
756,272,2026-02-23T07:44:04Z,1057.94
757,806,2026-01-28T23:00:03Z,1163.95
758,751,2026-04-17T05:56:26Z,1484.32
759,388,2026-03-30T17:24:06Z,2488.13
760,808,2026-05-27T20:48:43Z,684.49
761,463,2026-01-19T01:18:01Z,962.96
762,975,2026-01-27T02:21:10Z,2664.91
763,165,2026-01-20T17:57:05Z,1020.47
764,629,2026-05-03T22:01:27Z,2827.9
765,169,2026-06-04T13:10:03Z,312.76
766,211,2026-02-18T13:44:35Z,2168.89
767,748,2026-05-18T08:42:18Z,899.23
768,99,2026-01-13T12:36:35Z,2521.16
769,158,2026-01-14T11:00:27Z,272.01
770,844,2026-06-18T20:38:30Z,607.03
771,27,2026-02-22T05:40:18Z,2931.4
772,485,2026-01-30T09:50:25Z,1418.12
773,917,2026-06-18T08:05:41Z,1636.94
774,190,2026-04-04T12:23:11Z,1342.87
775,270,2026-04-22T14:16:14Z,2512.87
776,578,2026-01-16T04:48:44Z,2005.73
777,88,2026-06-20T11:51:34Z,1247.82
778,775,2026-05-30T07:35:03Z,2523.98
779,839,2026-05-13T13:34:43Z,2602.01
780,487,2026-05-26T07:30:19Z,246.08
781,925,2026-01-09T16:36:57Z,1555.28
782,586,2026-06-22T19:09:07Z,2848.27
783,460,2026-02-14T05:13:51Z,586.25
784,44,2026-04-18T02:43:27Z,613.74
785,843,2026-06-09T04:53:38Z,781.08
786,933,2026-01-18T02:24:35Z,1198.09
787,334,2026-03-11T16:29:58Z,2621.66
788,806,2026-06-28T19:37:33Z,2347.24
789,116,2026-04-16T04:09:36Z,1767.92
790,777,2026-01-26T03:36:49Z,311.96
791,293,2026-05-17T11:56:26Z,799.77
792,671,2026-05-04T18:38:30Z,122.02
793,283,2026-04-13T04:39:38Z,2045.63
794,412,2026-01-10T12:56:56Z,1001.17
795,244,2026-01-13T23:30:58Z,813.07
796,382,2026-01-06T10:52:50Z,916.13
797,288,2026-05-05T22:43:06Z,2917.76
798,234,2026-02-04T09:47:28Z,2324.35
799,329,2026-03-09T23:26:38Z,1940.21
800,193,2026-04-23T06:58:52Z,1227.44
801,497,2026-05-12T11:52:03Z,1550.66
802,163,2026-01-17T09:45:32Z,1216.12
803,800,2026-05-14T18:01:11Z,586.36
804,853,2026-02-21T01:15:02Z,1374.78
805,941,2026-04-02T22:12:17Z,1111.37
806,476,2026-05-09T12:40:59Z,380.38
807,32,2026-03-02T11:31:38Z,1343.85
808,984,2026-05-01T18:35:22Z,1039.3
809,858,2026-03-07T23:53:44Z,280.27
810,29,2026-04-08T01:10:54Z,1721.05
811,989,2026-02-24T07:41:14Z,2036.31
812,276,2026-06-15T13:32:01Z,2595.24
813,991,2026-06-23T00:30:58Z,405.62
814,178,2026-06-02T00:14:16Z,1828.95
815,966,2026-03-19T22:45:41Z,833.38
816,917,2026-04-06T11:29:16Z,662.45
817,310,2026-06-22T16:52:39Z,1197.49
818,105,2026-01-02T16:42:53Z,2519.74
819,575,2026-06-14T19:38:18Z,902.44
820,111,2026-05-03T02:21:17Z,1925.38
821,883,2026-03-11T08:41:45Z,2857.04
822,668,2026-03-17T06:09:33Z,2298.77
823,922,2026-01-15T19:25:42Z,965.56
824,144,2026-01-07T20:31:18Z,785.68
825,429,2026-04-13T12:47:02Z,1753.24
826,586,2026-02-18T10:46:45Z,674.87
827,548,2026-06-12T15:58:42Z,1081.91
828,308,2026-02-13T21:56:35Z,551.6
829,100,2026-04-30T04:47:16Z,2178.31
830,573,2026-02-16T21:57:21Z,1966.76
831,228,2026-03-31T07:47:55Z,928.18
832,808,2026-03-25T11:16:37Z,889.21
833,872,2026-01-31T15:03:55Z,1906.85
834,595,2026-06-07T02:30:56Z,591.69
835,123,2026-06-23T12:33:19Z,1245.19
836,892,2026-02-08T04:12:21Z,1233.48
837,584,2026-04-27T04:20:55Z,2149.85
838,798,2026-01-21T15:21:40Z,2960.05
839,321,2026-06-11T01:00:28Z,827.85
840,780,2026-02-13T18:48:10Z,1473.84
841,782,2026-01-23T04:39:27Z,1904.13
842,414,2026-04-19T15:24:00Z,122.8
843,205,2026-04-05T00:57:20Z,2272.97
844,544,2026-02-18T00:43:00Z,1883.79
845,255,2026-02-27T22:56:22Z,943.16
846,106,2026-04-08T16:37:19Z,509.39
847,844,2026-01-12T09:18:29Z,2186.22
848,611,2026-05-14T10:27:56Z,2063.47
849,138,2026-03-28T15:22:48Z,573.39
850,971,2026-04-13T00:14:14Z,2184.23
851,135,2026-02-24T23:01:37Z,1518.85
852,127,2026-04-03T22:41:50Z,121.72
853,898,2026-06-12T08:49:34Z,1873.17
854,609,2026-01-13T21:06:41Z,2510
855,50,2026-06-25T03:26:28Z,1146.96
856,561,2026-03-05T15:44:09Z,624.43
857,703,2026-06-10T00:19:26Z,1988.38
858,679,2026-05-13T08:39:38Z,2105.17
859,429,2026-01-27T16:46:39Z,362.03
860,117,2026-01-28T15:12:38Z,607.25
861,270,2026-05-13T06:22:45Z,1235.17
862,165,2026-01-11T17:31:58Z,631.01
863,956,2026-05-03T10:15:00Z,48.12
864,92,2026-01-29T18:42:31Z,455.94
865,93,2026-05-10T02:46:46Z,312.86
866,263,2026-06-13T07:29:18Z,799.73
867,52,2026-01-26T05:55:02Z,2558.22
868,369,2026-06-22T10:27:47Z,356.54
869,872,2026-01-12T00:54:08Z,1993.43
870,175,2026-03-25T11:57:28Z,2865.72
871,275,2026-01-24T11:52:21Z,556.78
872,411,2026-04-12T14:17:53Z,1163.29
873,872,2026-05-02T13:41:56Z,2392.76
874,116,2026-02-03T22:46:03Z,2944.89
875,865,2026-02-10T03:26:58Z,1776.34
876,822,2026-05-25T21:28:11Z,1837.86
877,798,2026-04-01T19:01:55Z,2056.55
878,859,2026-02-03T15:58:31Z,347.68
879,422,2026-04-22T01:04:16Z,1968.37
880,13,2026-06-29T21:33:49Z,2233.44
881,742,2026-05-24T07:42:55Z,1021.52
882,536,2026-06-25T22:39:06Z,1304.22
883,745,2026-03-04T15:22:42Z,2032.12
884,395,2026-02-08T17:57:39Z,173.15
885,659,2026-02-10T16:54:30Z,2557.09
886,891,2026-02-12T02:48:31Z,968.7
887,339,2026-03-12T01:32:14Z,1655.98
888,388,2026-04-13T07:05:29Z,1338.12
889,587,2026-04-24T02:54:31Z,1346.73
890,122,2026-05-07T23:41:01Z,316.9
891,423,2026-01-10T17:35:00Z,2479.47
892,811,2026-06-03T19:40:19Z,2671.43
893,576,2026-02-22T20:42:29Z,2851.56
894,373,2026-01-14T07:54:29Z,1002.6
895,786,2026-06-07T19:30:45Z,1974.93
896,734,2026-04-25T03:06:48Z,1980.14
897,3,2026-03-28T11:53:40Z,2893.66
898,299,2026-05-20T16:23:44Z,327.9
899,919,2026-02-12T15:08:52Z,2153.4
900,739,2026-04-14T03:16:39Z,595.81
901,124,2026-04-10T06:29:52Z,2346.45
902,734,2026-03-27T03:48:26Z,149.04
903,649,2026-06-21T18:07:49Z,2676.35
904,469,2026-06-17T18:32:08Z,2891.93
905,5,2026-05-15T23:03:35Z,2806.57
906,859,2026-05-29T15:59:32Z,2345.43
907,933,2026-02-15T22:37:11Z,2194.18
908,132,2026-01-27T12:42:38Z,1822.42
909,330,2026-05-09T12:26:38Z,2748.57
910,781,2026-03-04T08:25:21Z,2911.77
911,464,2026-02-04T04:26:38Z,2103.04
912,767,2026-05-11T09:53:44Z,1647.94
913,322,2026-05-21T20:13:12Z,637.04
914,732,2026-03-15T21:22:58Z,2020.4
915,728,2026-06-15T05:32:34Z,2085.99
916,331,2026-01-30T11:35:30Z,1752.59
917,966,2026-06-19T22:26:43Z,2246.13
918,862,2026-05-16T09:56:54Z,1272.94
919,14,2026-05-13T03:01:24Z,444.53
920,687,2026-01-15T06:17:48Z,2358.74
921,294,2026-06-23T08:09:53Z,195.48
922,804,2026-03-16T06:48:34Z,106.6
923,834,2026-04-25T03:39:55Z,2029.82
924,576,2026-02-27T23:41:35Z,1172.77
925,524,2026-06-27T09:44:42Z,150.47
926,391,2026-04-09T13:50:43Z,944.84
927,566,2026-01-14T00:47:16Z,617.23
928,890,2026-04-23T07:58:40Z,2116.84
929,664,2026-04-04T18:34:47Z,1814.13
930,795,2026-02-19T09:28:11Z,2950.53
931,77,2026-02-17T05:47:32Z,366.87
932,42,2026-04-19T08:35:16Z,398.9
933,599,2026-03-06T00:21:29Z,2131.97
934,159,2026-01-11T04:59:20Z,1794.67
935,793,2026-06-09T19:53:42Z,910.45
936,809,2026-05-26T17:22:04Z,2354.25
937,326,2026-05-14T07:11:33Z,213.85
938,518,2026-02-10T13:34:34Z,1216.22
939,358,2026-02-26T06:42:21Z,999.89
940,301,2026-02-25T19:33:30Z,2989.93
941,844,2026-06-15T00:07:42Z,1044.56
942,247,2026-06-13T19:58:39Z,739.04
943,41,2026-06-23T10:24:58Z,2390.66
944,117,2026-04-08T08:34:46Z,855.66
945,934,2026-05-12T11:32:51Z,1531.12
946,499,2026-01-12T09:57:41Z,585.61
947,527,2026-01-22T03:10:49Z,1618.54
948,8,2026-06-09T02:13:42Z,1892.25
949,219,2026-06-24T13:53:06Z,624.68
950,849,2026-06-28T23:49:27Z,1943.22
951,963,2026-01-19T23:43:09Z,81.02
952,735,2026-03-25T01:05:04Z,172.26
953,814,2026-03-05T17:04:36Z,2466.64
954,933,2026-03-07T13:24:28Z,1894.35
955,444,2026-03-21T00:24:43Z,363.73
956,7,2026-06-13T23:39:04Z,2270.32
957,600,2026-01-12T22:54:04Z,1079.52
958,515,2026-01-28T09:50:43Z,911.04
959,89,2026-03-13T14:24:25Z,2468.15
960,32,2026-05-01T05:34:14Z,417.78
961,401,2026-05-19T09:40:09Z,901.19
962,909,2026-06-14T11:00:35Z,2625.55
963,145,2026-02-01T01:00:36Z,1794
964,551,2026-05-20T02:19:13Z,2247.41
965,926,2026-03-29T06:26:57Z,1941.34
966,525,2026-02-06T05:11:14Z,1854.49
967,259,2026-02-19T03:11:42Z,2400.98
968,873,2026-01-14T17:29:41Z,1653.5
969,298,2026-06-20T02:16:06Z,600.28
970,595,2026-05-04T10:22:08Z,2017.17
971,241,2026-01-26T09:39:04Z,2701.35
972,326,2026-05-04T14:21:39Z,1981.67
973,711,2026-05-29T04:36:36Z,1099.84
974,324,2026-04-19T05:00:20Z,746.06
975,227,2026-06-13T13:17:53Z,1084.86
976,696,2026-03-25T15:29:28Z,1082.64
977,313,2026-05-04T17:06:11Z,1940.2
978,84,2026-03-12T04:57:34Z,597.33
979,752,2026-06-09T02:46:04Z,2677.39
980,870,2026-05-09T20:01:52Z,1749.85
981,415,2026-05-31T06:58:02Z,1659.27
982,557,2026-05-18T15:41:49Z,454.41
983,402,2026-02-27T18:46:54Z,880.09
984,476,2026-05-08T16:05:25Z,1097.96
985,11,2026-06-18T07:54:51Z,2945.74
986,701,2026-02-12T16:08:28Z,486.08
987,580,2026-05-24T21:55:09Z,2210.4
988,496,2026-04-01T01:14:48Z,1468.05
989,65,2026-03-08T11:14:02Z,2009.07
990,531,2026-04-02T12:30:58Z,1369.38
991,48,2026-01-11T20:20:06Z,2114.17
992,534,2026-06-11T08:53:47Z,797.32
993,558,2026-05-25T05:24:41Z,1141.77
994,602,2026-06-16T02:33:16Z,1135.22
995,930,2026-02-27T16:25:22Z,2453.54
996,354,2026-05-04T15:56:38Z,29.73
997,904,2026-02-05T14:10:14Z,240.49
998,659,2026-03-12T06:09:11Z,480.5
999,617,2026-01-31T21:14:26Z,2435.41
1000,738,2026-01-30T15:43:30Z,1442.27
